Model,Dataset,MAE,RMSE,R2,Bias,Correlation,POD_0.1,FAR_0.1,CSI_0.1,POD_5.0,FAR_5.0,CSI_5.0,POD_15.0,FAR_15.0,CSI_15.0
Baseline_A_Coarse_ERA5,Train,3.827658011496672,7.774918527875322,0.21910445490135766,-0.6171413353911827,0.5611527835661214,0.9238222644528906,0.48320744160022383,0.49566990669001093,0.6352546693167853,0.3303424339842938,0.483682404722572,0.2403349854725688,0.5329790767186982,0.18860484455055124
Baseline_A_Coarse_ERA5,Validation,2.9265504951243635,6.811996770656544,0.34839411686398325,-0.0350242730348211,0.6359372212705581,0.8793660407833637,0.5344822979291917,0.4375737787266106,0.6467840686738623,0.3544383544383544,0.47729284084028134,0.40542543729617553,0.5244305338202052,0.2801679983609916
Baseline_A_Coarse_ERA5,Test,3.749949282584527,10.222437085948451,-0.42497842535134644,0.5044267734262393,0.5940219949098505,0.8959996584553643,0.5301347781310168,0.44556494416372977,0.6634875780054162,0.3788922568200606,0.4723188466535351,0.40901401643305946,0.39358652812611966,0.32321206913014416
Baseline_B_Historical_Climatology,Validation,4.531775835068605,8.633263908909099,-0.04661309427018123,1.1281936493098554,0.34090104286486383,0.8406016555622855,0.6323295655245497,0.34370743385479013,0.7306065770371774,0.5817524841915086,0.36236421125129137,0.20308330862733473,0.8073136427566807,0.10972288963639276
Baseline_B_Historical_Climatology,Test,4.56539153777477,8.469484525974645,0.021832218573794693,0.7002993836981467,0.3753888844835803,0.8256841565982155,0.573030731190392,0.39166447275157457,0.7197103496997528,0.5582655826558266,0.3768960414354421,0.22837119381343643,0.7341772151898734,0.1400414937759336
RandomForest_Direct,Train,1.3630802888152465,2.9104240521139237,0.8905756959330702,-0.0023122285113409483,0.9447655811691972,0.9980871174234847,0.4874117926557554,0.5120851347710624,0.9289019708992702,0.12922954387062824,0.8163610907393827,0.7319090753717313,0.12152293427422664,0.6646180587888382
RandomForest_Direct,Validation,3.6370761544277883,7.209038203436983,0.27022197131573567,1.0061880096423028,0.5894123431548562,0.9485160508782556,0.7034278139006376,0.2918737574552684,0.793978413179322,0.4732632636824254,0.46340025787437833,0.35146753631781796,0.6015795664594186,0.2296145651752857
RandomForest_Direct,Test,4.518616347117542,8.735617163477647,-0.040606614542127106,0.9718092240296475,0.4102561046466771,0.9775861332877941,0.6398439711850011,0.35720637099667724,0.7599199340633462,0.5241290322580645,0.4136781719706438,0.24830836152730787,0.7154133776485251,0.15287903585775925
RandomForest_Residual,Train,1.4442088594293598,2.944614277406502,0.8879896695182996,0.002606801257359527,0.9429734993447876,0.9978370674134827,0.6132944419948931,0.38638168086754454,0.8967970990304814,0.13229789045640716,0.7889243336314251,0.7536147667065459,0.10034277319840039,0.6951819385760232
RandomForest_Residual,Validation,3.716718873234152,7.500615635449563,0.20999479679543553,1.022786128836956,0.5581477149162681,0.9720876236624268,0.7349618110507121,0.2630364118113032,0.8042037492899072,0.482746021435531,0.4594000144227302,0.3511710643344204,0.6420368691447568,0.21546157344247385
RandomForest_Residual,Test,4.061912603460509,7.990229025205778,0.1294016258241253,1.1984410403863475,0.5864315046672225,0.9730606668659011,0.6689518940274227,0.3280415665165014,0.7505004121040857,0.4866508275278863,0.4385126070654604,0.43040115998066697,0.571875,0.27328525395120457
Ridge_Direct,Train,3.9414325193344126,6.798856124540271,0.40286441427903474,0.15157725145814818,0.6352051572062003,0.9688437687537508,0.615496829382052,0.3798068911434593,0.8376094311854223,0.4007229621910314,0.5368980004668171,0.21835583660912664,0.46404899739911065,0.18363709538320014
Ridge_Direct,Validation,3.533669794468809,6.544485077348467,0.3985672218748676,1.0025056027277794,0.6426518012002709,0.9661316373914799,0.7203448023960844,0.2769402164477111,0.8972416840244903,0.47949469058952765,0.4912226138641233,0.36525348354580495,0.47719074899214936,0.2739299610894942
Ridge_Direct,Test,3.7482349459494175,6.669678196884014,0.3933905706153008,0.9700893897722962,0.6499686779394195,0.9902659778849848,0.6594329510916646,0.33943074559157094,0.8154951136229837,0.48574398574398575,0.4606584635849684,0.3835186080231996,0.40349558353692916,0.3045188525376571
Ridge_Residual,Train,3.941446236184511,6.798858558271277,0.40286398677545965,0.1515657785571666,0.6352043366879521,0.9688562712542509,0.615497591060876,0.3798080693224592,0.8376094311854223,0.4007294674453442,0.5368927789934355,0.21835583660912664,0.46404899739911065,0.18363709538320014
Ridge_Residual,Validation,3.533667399671266,6.544439439700563,0.3985756099699853,1.0025112407050147,0.6426581719715806,0.9661316373914799,0.7203366304808381,0.27694823045982003,0.8972416840244903,0.47949469058952765,0.4912226138641233,0.36525348354580495,0.47719074899214936,0.2739299610894942
Ridge_Residual,Test,3.748292670148596,6.669833209124112,0.39336237345902103,0.9701883974490952,0.6499670682715776,0.9902659778849848,0.6594379514888119,0.33942577850620465,0.815553985635229,0.48568776684611104,0.4607223626446721,0.3835186080231996,0.40349558353692916,0.3045188525376571
XGBoost_Direct,Train,1.6291417262909242,2.950936689023752,0.8875081560749334,0.006949823671451905,0.9454857298314027,0.9962617523504701,0.6064296897766056,0.3929899490052573,0.8918053680074042,0.13848093102336353,0.779993895723025,0.7698171252777303,0.11103655166969291,0.7022888861170014
XGBoost_Direct,Validation,3.5662419092757363,7.229304482129,0.26611305320673295,1.1385064762155694,0.5932277848064397,0.9635069654754694,0.720250307755437,0.276816659174292,0.8316606703275895,0.4769768180374722,0.4729530851789368,0.42528906018381263,0.5656320968962907,0.2737073077656936
XGBoost_Direct,Test,4.263923756451242,8.140434167821278,0.09636190100327513,1.1354051031390298,0.4881597862747957,0.9751526277590402,0.6530358038006411,0.3439236294099047,0.805898975626987,0.49846120026379426,0.4474845542806708,0.32044465925567905,0.6773722627737226,0.1915631320427622
XGBoost_Residual,Train,1.7402376484693372,3.1103482657656665,0.8750261091572141,0.012019908909887604,0.9391334232931356,0.9964367873574715,0.6144740915599242,0.384995145232425,0.885068806991458,0.14883123705022325,0.7664533760790445,0.7445564860707571,0.11093877551020408,0.6812623150783473
XGBoost_Residual,Validation,3.5718435474208925,7.054252293958371,0.3012237977660003,1.2090880246336737,0.621474695971279,0.9709267110841914,0.7154522055560486,0.282143800052803,0.8257905699678091,0.47345756026884533,0.47390154670916795,0.40720426919656094,0.586045810729355,0.25829807240244473
XGBoost_Residual,Test,4.5997693521733165,9.63204765837324,-0.2651343333497056,1.566721534231078,0.5098792201504534,0.9699013789864663,0.665808558525427,0.330761167084037,0.7759331213940892,0.5311944227075478,0.41290726817042606,0.37167713871435476,0.6175556384433669,0.2322736540058899
LightGBM_Direct,Train,1.196129364692826,2.2253463783798906,0.9360270335043704,0.006498656017053285,0.9691257912012171,0.9951365273054611,0.5860829862140335,0.4130813862968768,0.9072509065529746,0.07901303021901858,0.841734821717648,0.8367800376004102,0.08245877061469266,0.7782546494992847
LightGBM_Direct,Validation,3.4345099012424045,6.73664694924617,0.36272966092247294,0.9747730252489787,0.6323994599746812,0.9606803957197658,0.706896020697302,0.28962946054934186,0.8223190052389068,0.47333953187532846,0.4728513356562137,0.40216424547880225,0.5776117079246458,0.2594682478959449
LightGBM_Direct,Test,4.097626410916929,7.643205119600185,0.20338143011960275,0.9878088303613222,0.5252776955217732,0.9869359176877428,0.6542735362297166,0.34415149394828126,0.8157306016719651,0.4960904825981016,0.4524112711006628,0.35572740454325763,0.6619200734956362,0.20968660968660968
LightGBM_Residual,Train,1.206557612237274,2.240337851183108,0.9351621978945471,0.011641197663774229,0.968637572184223,0.9957241448289658,0.5767100717512623,0.4225219107442226,0.9072812514224158,0.0769207020577021,0.8435084353664729,0.8381815074346266,0.08154168851599371,0.7801285314329346
LightGBM_Residual,Validation,3.6115595633929116,7.085480664405413,0.295023298506225,1.2888501873414746,0.6219475306664886,0.9608318190995356,0.7096090186566595,0.2869936226989703,0.8411285741336868,0.4756020777585393,0.47713845823337747,0.458049214349244,0.5564168819982773,0.29090566748258334
LightGBM_Residual,Test,4.394243432667386,9.20698360500659,-0.15593692215519184,1.4188051821091285,0.5353751723145197,0.9660590018358024,0.6533488571603652,0.34248005933011455,0.7841163310961968,0.507942958474952,0.4333496014315926,0.42798453359110683,0.6145810663764962,0.2543809250215455
