GPCODE,GPNAME,BLOCK,N_Days,ML_MAE,ML_RMSE,ML_R2,ML_Bias,ML_Correlation,REF_MAE,REF_RMSE,REF_Bias,REF_Correlation,RMSE_Improvement,MAE_Improvement
111722,BAGDAHA,Baghmara,366,3.3808059449524412,6.055782010704208,0.39627503020740795,0.9785093211388286,0.6622615736736368,3.3844166372891666,9.717528331843218,0.4736321442596487,0.5889403298832115,3.6617463211390096,0.0036106923367253962
111723,BAGRA,Baghmara,366,3.8752295159045653,6.803914014649541,0.4188151889781401,1.1029226708764008,0.6658479715282815,3.7688402658667495,10.561224517199001,0.5318132086878575,0.6090182388765673,3.75731050254946,-0.10638925003781585
111724,BAHIYARDIH,Baghmara,366,3.48866938512738,6.12568762412495,0.45505489997237536,1.0096219586305621,0.6922359267510594,3.401290206729968,9.598110593197589,0.40039065870515905,0.6266641323230792,3.472422969072639,-0.08737917839741183
111725,BANSJORA,Baghmara,366,3.6036903869012447,6.333853889798035,0.4575875423939916,0.9725167722218826,0.6883816906815575,3.4068836573059276,9.00541858772201,0.33023823005379527,0.6392722484678636,2.6715646979239756,-0.1968067295953171
111726,BARORA,Baghmara,366,3.6777542383413047,6.412857826916509,0.45031326094713886,1.0213594057178434,0.684008736923509,3.429835217025871,9.062523102567791,0.3366042159665889,0.6347480825559987,2.649665275651282,-0.24791902131543386
111727,BEHRAKUDAR,Baghmara,366,3.5752704073630435,6.344449371743528,0.4103678239102969,1.0398250216600065,0.6650426662857098,3.4840858502724252,9.915541981734254,0.45057229800706694,0.5961475582782548,3.5710926099907256,-0.09118455709061823
111728,BHIMKANALI,Baghmara,366,3.5708517640579145,6.51886985603735,0.43034402659735815,0.9946686379284899,0.670128281315146,3.3562864123864937,9.224213004038578,0.36341637062506366,0.6199279297381453,2.705343148001228,-0.21456535167142077
111729,BOWAKALA NORTH,Baghmara,366,3.7599254478731354,6.6766292796095525,0.3765305429477579,0.9657785584137151,0.6416928416003416,3.6930211225238367,10.844718305828163,0.4902555017062417,0.5700074050495075,4.1680890262186105,-0.06690432534929869
111730,BOWAKALA SOUTH,Baghmara,366,3.7876643268087604,6.647936449257256,0.39433938766848586,0.9196813357033922,0.650740740201116,3.7139252577034565,10.736339588086778,0.4164713960496895,0.5809159074026746,4.0884031388295226,-0.07373906910530392
111731,CHHATRUTAND,Baghmara,366,3.675192279882992,6.334217559833963,0.44138203062838166,1.0411894170296108,0.6855808165682854,3.6892512644250943,10.451358096023341,0.5075789703157214,0.6166688410907871,4.117140536189378,0.014058984542102415
111732,DALUDIH,Baghmara,366,3.2904394308262637,5.941821475424896,0.41486163584386004,0.9492530438786225,0.6677226871824268,3.2324317411579124,8.85150958128465,0.33112499471381746,0.59811088826964,2.909688105859755,-0.05800768966835124
111733,DARIDA,Baghmara,366,3.488016930977043,6.171868399242914,0.4313626639957183,1.098422277887249,0.6787826217533326,3.3226513650949583,9.157702636892974,0.4568300260617169,0.6209615739618357,2.98583423765006,-0.16536556588208473
111734,DHARMABANDH,Baghmara,366,3.6409494555468784,6.35204514402628,0.4364000148382965,0.9993202778673198,0.6778727606730864,3.525488380663094,9.749136737055542,0.39245566113701463,0.613646521848664,3.397091593029262,-0.11546107488378432
111735,DHAWACHITA,Baghmara,366,3.33974888141391,5.845296235234732,0.43805198094300324,0.958505528190596,0.6821280242982745,3.2019278632009742,8.6504957189534,0.3079458640431319,0.6191008832543538,2.805199483718667,-0.1378210182129358
111736,DUMRA NORTH,Baghmara,366,3.5465393209988276,6.230569093154893,0.4565549872667468,1.016486685109898,0.6899461983882343,3.333207507447218,9.000927517409876,0.3699309788136753,0.6381483842335892,2.770358424254983,-0.2133318135516098
111738,FULARITAND,Baghmara,366,3.658442249916458,6.406799100281307,0.4513514341085383,0.990781402377015,0.6841031769352096,3.429835217025871,9.062523102567791,0.3366042159665889,0.6347480825559987,2.655724002286484,-0.22860703289058737
111739,GOBINDADIH,Baghmara,366,3.5567463190875017,6.501899116180028,0.38150651427239113,0.89696886170741,0.6416176780476558,3.5434465458682682,9.863170988956668,0.4169689675845197,0.5789629978694866,3.3612718727766397,-0.01329977321923348
111740,HARINA,Baghmara,366,3.503305439547772,6.206141526828731,0.43149439275122436,1.109641797180419,0.6783861182261249,3.324183519178754,9.158026596294004,0.4657454219990481,0.6214614022851624,2.9518850694652725,-0.1791219203690182
111741,HATHUDIH,Baghmara,366,3.667363810699499,6.331474566047076,0.4418657379943973,1.0273877806078455,0.6856018486104625,3.6892512644250943,10.451358096023341,0.5075789703157214,0.6166688410907871,4.119883529976265,0.021887453725595307
111742,JAMUA,Baghmara,366,3.5129094298034285,6.236690312066706,0.42387042166990574,1.0333047187781597,0.6742349024247914,3.4407129215703254,9.81465067980005,0.43967542859393205,0.6055467266227936,3.5779603677333434,-0.07219650823310308
111743,JAMUATAND,Baghmara,366,3.602252782350075,6.27290582368779,0.426058125335362,1.0265302447578155,0.6744177177832544,3.4652662431429992,9.727850526065147,0.4330966948975774,0.6143650426477439,3.4549447023773574,-0.1369865392070757
111744,JHIJHIPAHARI,Baghmara,366,3.6504295457394877,6.376635306037496,0.41964582384146387,1.0296233554002114,0.6689651810731413,3.5062322918919215,9.7699636471634,0.43010087722166496,0.6110437517105869,3.3933283411259048,-0.1441972538475662
111745,KANCHANPUR,Baghmara,366,3.6640565157016036,6.3668414857610935,0.4150268163527989,1.0767573590038728,0.6677472675928715,3.5441202011265758,9.858375021854911,0.454447874228843,0.6022835349408668,3.491533536093818,-0.11993631457502785
111746,KANDRA,Baghmara,366,3.7658997585879157,6.434230047549884,0.44183958735210926,1.0752557587274363,0.6829344060944321,3.7107504762049173,9.822386136568442,0.4984869710892607,0.6313058479066594,3.3881560890185574,-0.05514928238299843
111747,KAPURIA,Baghmara,366,3.661273957138326,6.463934569536727,0.4206760382387257,1.1429136790404273,0.6743136864549291,3.6047059042468517,10.538651779753867,0.6001752376538133,0.609034299340402,4.074717210217139,-0.05656805289147426
111748,KESHARGARAH,Baghmara,366,3.674962638252802,6.635585107697678,0.4411939464502882,0.9634953921601367,0.674884001427765,3.4243907947829655,9.163040327265916,0.2916363057479144,0.6288014816817796,2.527455219568238,-0.2505718434698365
111749,KHANUDIH,Baghmara,366,3.5973035046251085,6.539803811653429,0.42219739759762276,1.014804188655075,0.6654082750739497,3.387493372856242,9.28069897138772,0.38146516435786726,0.614278770074022,2.7408951597342908,-0.20981013176886654
111750,KHARKHARI,Baghmara,366,3.612245629360833,6.3339437319395975,0.4538536627271731,0.9951132356472758,0.6865786498277238,3.396040670067046,9.035273037123906,0.3428476702388608,0.6362617638655369,2.7013293051843084,-0.2162049592937869
111751,KUMARJORI,Baghmara,366,3.6088026421507946,6.296118177146707,0.43742474456965275,1.0175395701934895,0.6798095035644958,3.4864830395736015,9.728540644794938,0.40260643287134895,0.6150533042430458,3.432422467648231,-0.1223196025771931
111752,LOHOPITTI,Baghmara,366,3.8266398641829156,6.623722185867796,0.4339745291282422,1.0566583288321023,0.6751018454191633,3.7406867023077353,9.94298836019484,0.4597653946123194,0.6216905716396841,3.319266174327045,-0.08595316187518032
111753,LUTIPAHARI,Baghmara,366,3.640119358193611,6.580318266947061,0.44476528097999835,0.9348588277055485,0.6771550144093348,3.424944646117662,9.137463321936034,0.29877251758696466,0.6304115403154869,2.5571450549889727,-0.21517471207594907
111754,MADHUBAN,Baghmara,366,3.6504780508692622,6.4353966464205214,0.4505758383791433,0.9843478859991149,0.6831856950637695,3.4273430241077105,9.07063516899067,0.3279072738103535,0.6344089263444631,2.6352385225701482,-0.22313502676155172
111756,MAHESHPUR 1,Baghmara,366,3.312130315123622,5.925378950832694,0.42588809554727747,0.9617267702380968,0.6740959855136831,3.2347837852033674,8.774737933960472,0.3175508664016676,0.6067476978471346,2.849358983127778,-0.0773465299202547
111757,MAHUDA,Baghmara,366,3.685764188172034,6.337971322585354,0.4407197418324831,1.0598152873142421,0.6855517725071155,3.6892512644250943,10.451358096023341,0.5075789703157214,0.6166688410907871,4.113386773437988,0.0034870762530601063
111758,MALKERA NORTH,Baghmara,366,3.635513507545024,6.337214844934091,0.43656265343782386,1.011453495774695,0.6784741069757513,3.5131426348761425,9.74249408843269,0.39502718997637937,0.6141170067243323,3.4052792434985983,-0.12237087266888125
111759,MALKERA SOUTH,Baghmara,366,3.6447126832036987,6.353301539573195,0.4361770395524146,1.0056938368467891,0.6778602522516227,3.525488380663094,9.749136737055542,0.39245566113701463,0.613646521848664,3.395835197482347,-0.11922430254060457
111760,MANDRA,Baghmara,366,3.6502665619183445,6.40425806677105,0.4517865524576751,0.9777807181832939,0.6841437188763599,3.429835217025871,9.062523102567791,0.3366042159665889,0.6347480825559987,2.6582650357967417,-0.22043134489247374
111761,MATIGARAH,Baghmara,366,3.77446233984836,6.980913639323324,0.4226728951996006,0.9188005621200511,0.6590629009505098,3.5003214075388,9.365563556162456,0.25253377512297914,0.6161667662035599,2.384649916839132,-0.2741409323095598
111762,MOHLIDIH,Baghmara,366,3.747114011159919,6.646580709651923,0.37959379270663707,0.9799619228376737,0.6442288642670273,3.6888454876062444,10.807507602734212,0.4992830087163666,0.573532873190806,4.160926893082289,-0.05826852355367462
111763,MURAIDHI,Baghmara,366,3.516070486244212,6.21078317461286,0.430643690401982,1.1299213790184002,0.6783300620232242,3.324183519178754,9.158026596294004,0.4657454219990481,0.6214614022851624,2.9472434216811436,-0.19188696706545816
111764,NADKHURKI,Baghmara,366,3.747143907089337,6.798552193580757,0.43162082380850464,0.9898591899908893,0.6677148983500862,3.4532601141135526,9.250103114793237,0.27231505532147565,0.6233160028938981,2.4515509212124806,-0.29388379297578426
111766,NAGRIKALA NORTH,Baghmara,366,3.647644384833116,6.455334044839772,0.40651979471594246,0.9869596612080123,0.6595181555502814,3.5307009011585175,9.916673414687807,0.42239384745974107,0.5970561503836581,3.4613393698480355,-0.11694348367459861
111767,NICHITPUR-1,Baghmara,366,3.4366469229690475,6.032770373001145,0.4416851084679898,1.030336292809489,0.6877551974998377,3.3521505644540373,9.673136831586879,0.43860660796224665,0.6184277620339955,3.640366458585734,-0.08449635851501025
111768,NICHITPUR-2,Baghmara,366,3.4822471253214706,6.197755426872048,0.4321389000884335,1.0974656214595047,0.6786524236104616,3.3268433032571534,9.152165211592774,0.4504821245281193,0.6218816033399681,2.954409784720726,-0.15540382206431724
111769,PADUGORA,Baghmara,366,3.4980783527784802,6.120421844062703,0.4626844064604575,0.9388305050671178,0.6951072789566539,3.451940465325745,9.554674660588853,0.34313134644119925,0.6308281296914673,3.4342528165261506,-0.04613788745273517
111770,PATHARGARIA,Baghmara,366,3.7459900179915007,6.382529003470738,0.44374856188233036,1.1045580966512765,0.6855112246597138,3.674551476024703,9.81012286517133,0.4993729114057791,0.6321128839020802,3.4275938617005917,-0.07143854196679778
111771,PHATAMAHUL,Baghmara,366,3.635832563124103,6.371936334969324,0.4205008398673513,1.0061823400928163,0.6690047720947431,3.5062322918919215,9.7699636471634,0.43010087722166496,0.6110437517105869,3.3980273121940767,-0.12960027123218154
111772,RAGHUNATHPUR,Baghmara,366,3.517835860496092,6.184749785996491,0.4265548742412544,1.0321654583744613,0.6767370037863127,3.4242578099172434,9.763244977663216,0.4442733993038664,0.6102120570561721,3.5784951916667254,-0.0935780505788486
111774,RANGUNI,Baghmara,366,3.7639568319778087,6.708138422858859,0.37316613640386953,0.9544685703156174,0.6389707611399733,3.719656199833598,10.874109695144018,0.49700919558784845,0.5673190447738722,4.165971272285159,-0.04430063214421054
111775,SINGRAH,Baghmara,366,3.6311131366743847,6.2944268792158224,0.44466055199705545,1.0604968111960713,0.6884337010102771,3.638730028940575,10.409100405575131,0.525074026532327,0.6206135292412807,4.114673526359309,0.007616892266190334
111776,SINIDIH,Baghmara,366,3.6042817111920566,6.289184171848299,0.44526455133479725,0.9921677856747237,0.6836915140284493,3.4986738816574565,9.682740677901478,0.3858449448487268,0.6196914589967212,3.393556506053179,-0.10560782953460013
111777,TARGA,Baghmara,366,3.4596905637653923,6.118077776512522,0.46891599619287727,0.9550734487447236,0.6974685782947389,3.311197763859278,8.896745922514823,0.3311884322576187,0.6469887334472493,2.7786681460023006,-0.1484927999061143
111778,TELMOCHO,Baghmara,366,3.77645554987441,6.439441771780013,0.44127343848531464,1.091771683827419,0.6828803177860505,3.710975035141574,9.823319391881066,0.49744308358605954,0.6312322385834205,3.383877620101053,-0.06548051473283589
111779,TETULIA-1,Baghmara,366,3.6424226955644774,6.352536079793885,0.4363128926351315,1.0018154184751615,0.6778678800848743,3.525488380663094,9.749136737055542,0.39245566113701463,0.613646521848664,3.396600657261657,-0.11693431490138328
111780,TETULIA-2,Baghmara,366,3.676245538296548,6.334589271286958,0.44131646584860607,1.0430463177009077,0.6855779487719242,3.6892512644250943,10.451358096023341,0.5075789703157214,0.6166688410907871,4.116768824736384,0.013005726128546335
111781,TUNDU,Baghmara,366,3.5980414181229143,6.278320178579465,0.44707080599893034,0.9849449243835454,0.6847240957804989,3.494309691393481,9.6709263625357,0.3844283627869508,0.6207820428033762,3.392606183956236,-0.10373172672943332
111782,ALAKHDIHA,Baliapur,366,3.8443681742020037,6.562645017933652,0.42152776523277347,1.0304635698997417,0.6716201817311624,3.7245752643390846,10.613560776527535,0.6547465952147409,0.6179607230242355,4.0509157585938835,-0.11979290986291913
111783,AMJHAR,Baliapur,366,3.9134787450372874,6.6689075041724335,0.42720840637197266,0.9831421043218276,0.6716645900141366,3.8177008914191934,10.575473192223324,0.6032965295323078,0.6217008753422918,3.9065656880508906,-0.09577785361809399
111784,AMTAL,Baliapur,366,3.747303080710797,6.427729962846988,0.4236379261818982,0.9097477497164708,0.6703514267537694,3.646757104034771,10.426266286126163,0.4440453333467529,0.6099356476935195,3.9985363232791746,-0.10054597667602616
111785,BAGHMARA,Baliapur,366,3.877757847062857,6.605964288800804,0.4448498654442763,0.9245770863163217,0.6814684580441414,3.795323877605557,10.487882483032028,0.5072776582363697,0.6291918082018669,3.8819181942312238,-0.0824339694573002
111786,BALIAPUR EAST,Baliapur,366,3.985378367703609,6.881134003006494,0.4206953316554083,0.9195187961269774,0.6635149748841125,3.9092291698637474,10.647350520975296,0.5114421136280516,0.6160571335357852,3.766216517968802,-0.07614919783986185
111788,BARADAHA,Baliapur,366,3.887592491785,6.625448844724058,0.436119441648115,0.9436781321923974,0.676622739183802,3.8057663707616727,10.519059794241443,0.5557687522072938,0.6265190826188831,3.8936109495173845,-0.08182612102332731
111789,BHIKHRAJPUR,Baliapur,366,3.976986028124577,6.878891852826595,0.42107279166441103,0.9054913591029716,0.6635298810697643,3.9092291698637474,10.647350520975296,0.5114421136280516,0.6160571335357852,3.7684586681487007,-0.06775685826082967
111790,BIRSINGHPUR,Baliapur,366,3.9288961758196774,6.6384022581432545,0.44654269970479354,0.9237787094646317,0.6819260072010263,3.7944313690016376,10.542487205444134,0.48052669398336745,0.6245042054456817,3.9040849473008796,-0.13446480681803985
111791,CHANDKUIYA,Baliapur,366,3.86809981435627,6.599907987738418,0.42464554918854625,1.0068406302386246,0.6720162814164227,3.759160479133227,10.59095392347405,0.6379095888687515,0.6201245722909681,3.991045935735632,-0.108939335223043
111792,DOLAWAR,Baliapur,366,3.86217767600194,6.655584638561072,0.4049730708373771,1.0566714089948115,0.6649156645288541,3.9814427896560014,10.822905681817733,0.7978026272550741,0.6184221709094269,4.167321043256662,0.11926511365406123
111793,DUDHIYA,Baliapur,366,3.8348250628587377,6.5051326133987875,0.4198524358928498,1.0610526451329894,0.6758340110421038,3.947248467505818,10.75693189312469,0.7859251780001218,0.6243429056351413,4.251799279725903,0.11242340464708045
111794,GHARBAR,Baliapur,366,3.90404029706765,6.696136072321341,0.42547231627254556,1.0083591261539075,0.6733516372634308,3.9572677408622527,10.82433544192958,0.7063822849688561,0.6181320553138535,4.1281993696082395,0.053227443794602536
111795,JAGDISH,Baliapur,366,3.877297592370175,6.533800721564243,0.41520993676735896,0.9816038952489925,0.6680816501696782,3.8327325521659485,10.720707213547795,0.5473008036733269,0.6120533062296656,4.186906491983552,-0.04456504020422658
111796,KARMATAND,Baliapur,366,3.8932511568541126,6.648278626553543,0.40685024958988114,0.9789405631508705,0.6612123704281432,3.7725542900981623,10.795850851089119,0.5612394478215804,0.6054299031222862,4.147572224535576,-0.12069686675595026
111797,KUSMATAND,Baliapur,366,3.922672454221133,6.677007233907319,0.42471673493863815,1.0049709731845042,0.6705535791069109,3.8148937987251514,10.591725521195684,0.6208569325728275,0.6203099290248134,3.9147182872883652,-0.10777865549598165
111798,MUKUNDA,Baliapur,366,3.917455887460917,6.6754271241996355,0.42498898359182646,0.9962978552204689,0.6705643837462367,3.8148937987251514,10.591725521195684,0.6208569325728275,0.6203099290248134,3.9162983969960488,-0.10256208873576567
111799,PALANI,Baliapur,366,3.877071587069197,6.63348647616762,0.41306332449878047,0.9758568082158583,0.6646481170770041,3.7584955037664396,10.744250883797237,0.5555849059619079,0.6102461031344842,4.110764407629617,-0.1185760833027576
111800,PRADHANKHANTA,Baliapur,366,3.8728674031393653,6.5282278477021665,0.4158025964161425,0.9816432144389896,0.6684998536082183,3.8202746486907233,10.715535069630443,0.5486271330004524,0.6125325116096421,4.187307221928276,-0.052592754448641976
111801,SINDURPUR,Baliapur,366,3.8694028914163434,6.647066047668756,0.4275459281994094,0.9681997705744662,0.6720865793896308,3.8406794569091693,10.555286828545055,0.5540335256006819,0.6231680236960284,3.9082207808762996,-0.028723434507174073
111802,SURUNGA,Baliapur,366,3.8872140542989557,6.550548301395146,0.43733470847095035,0.9728706580639326,0.6791228021515219,3.7826133173740017,10.510967342297901,0.5710838492983074,0.6270549780457398,3.960419040902755,-0.10460073692495397
111803,ARALGARIA,Dhanbad,366,3.7868753424761605,6.666659386069065,0.3970006076480397,0.9076526740181062,0.6515434174076836,3.710743093100529,10.738486090527767,0.3986974001329997,0.5810032914658716,4.071826704458702,-0.07613224937563157
111804,BARDUBHI,Dhanbad,366,3.839007902409309,6.753454119563713,0.4051718321733673,1.0676754007039848,0.6586926757508302,3.7723169345122214,10.715574846297455,0.5248048473153563,0.593724851032339,3.962120726733742,-0.06669096789708773
111805,DAMODARPUR,Dhanbad,366,3.9132745475632467,6.758274917680077,0.39218538957606275,0.9601063382936829,0.650977770603438,3.800112355237273,10.949819025484127,0.5517605345217914,0.5912578659314331,4.19154410780405,-0.1131621923259738
111806,DHOKHRA,Dhanbad,366,3.912194288040298,6.697753237444874,0.4057289296667206,0.9845091760252316,0.6596416314703114,3.793662506325811,10.796567594166401,0.5684192658297231,0.6056205892852183,4.098814356721527,-0.11853178171448686
111807,DUBRAJDIH,Dhanbad,366,3.858469610044569,6.798623701399668,0.41971862613759103,1.0759345978249972,0.6659043687679643,3.7688402658667495,10.561224517199001,0.5318132086878575,0.6090182388765673,3.762600815799333,-0.08962934417781954
111808,GOPINATHDIH,Dhanbad,366,3.7306868887172273,6.657385301269772,0.39585018141884365,0.9490705555780417,0.6544307582348212,3.7593348330152687,11.09366724019404,0.5276908892455153,0.5807803848240022,4.436281938924268,0.028647944298041406
111809,PANDARKANALI,Dhanbad,366,3.6239090316953773,6.351828540562902,0.41718247736233416,1.0400510958278557,0.6684161681857546,3.5207417824535217,9.8508508850521,0.43693696101157586,0.6028939814637685,3.499022344489198,-0.10316724924185561
111810,PANDERKANALI SOUTH,Dhanbad,366,3.6230762123331886,6.340702726561645,0.4250096690399572,1.0495530940963522,0.6729527630743629,3.5074397753554107,9.785936364244712,0.43343654783789715,0.6094662191151404,3.4452336376830672,-0.11563643697777781
111811,SAMSHIKHARA,Dhanbad,366,3.8581332691631887,6.798518204134993,0.41973663496567115,1.0753918255031922,0.6659055038351838,3.7688402658667495,10.561224517199001,0.5318132086878575,0.6090182388765673,3.762706313064008,-0.08929300329643919
111812,SIYALGUDRI,Dhanbad,366,3.6532934877417502,6.452227551689115,0.4063791030426934,0.9755367134084252,0.6622850283750997,3.59396071782495,10.621460661191906,0.46754372471582484,0.5910102991364112,4.16923310950279,-0.05933276991680003
111813,AMARPUR,Govindpur,366,3.763641879775029,6.721619003971055,0.39475831301361475,0.951611703237437,0.652975063217416,3.7398215812824565,10.941657506700306,0.5447475044157349,0.591828911315295,4.220038502729251,-0.02382029849257261
111814,ASANBANI 1,Govindpur,366,3.5480236022328677,6.503668507954948,0.3730181036930962,0.9056500096267472,0.637550884185713,3.566383571211117,9.882129396427887,0.38491011068957237,0.5762124039436846,3.3784608884729392,0.01835996897824943
111815,ASANBANI 2,Govindpur,366,3.6710701693473204,6.655554297407158,0.37624727398707625,0.8990309372186197,0.6387680246174618,3.664146000265448,10.24898669656684,0.43572666991144615,0.5806473285229593,3.593432399159682,-0.006924169081872655
111816,BAGSUMA,Govindpur,366,3.86286227514263,6.710317582853082,0.3881021929682418,1.0179970038611277,0.6511118877179467,3.843456907700492,10.861864346566511,0.590790920792403,0.5992286660766909,4.151546763713429,-0.019405367442137944
111817,BARA NAWATAND,Govindpur,366,3.9003459390586417,6.730619208423395,0.3888069479106595,0.9975075361324263,0.6506073296266334,3.8608868468851916,10.924485872317321,0.5725447678764335,0.5934117196108256,4.193866663893926,-0.03945909217345012
111818,BARA PICHARI,Govindpur,366,3.768416304069087,6.801312572016509,0.3870099039991025,0.8637037798013132,0.6425611084731527,3.6854353010491705,10.79398620355844,0.420406958366276,0.5767406601853605,3.9926736315419307,-0.08298100301991651
111819,BARIYO,Govindpur,366,3.672560568321915,6.55712874302059,0.3928913888028692,0.8947818511866992,0.6495795396314057,3.6586309772484404,10.132364217433604,0.42404920337262214,0.591773923047625,3.575235474413015,-0.01392959107347469
111820,BARWA EAST,Govindpur,366,4.192818416537915,7.302977440785154,0.33846643707367674,1.0668655731655865,0.6158792463170387,4.279180205855636,11.351062163408256,0.6572364210460531,0.5743233432716028,4.048084722623102,0.08636178931772065
111821,BHITIYA,Govindpur,366,3.7179692884275033,6.731810098552651,0.3871048636519956,0.8708764671754082,0.6423952151028635,3.651183127648724,10.186091218249365,0.4010366629936112,0.588504622884526,3.454281119696714,-0.06678616077877919
111822,BIRAJPUR,Govindpur,366,3.497030038777584,6.318951761589612,0.3909158077924507,0.8678983291488115,0.6503863238953871,3.5573943306644216,9.768067734571417,0.37880763151000385,0.5862338991128769,3.4491159729818053,0.06036429188683767
111823,DAMKARA BARWA,Govindpur,366,3.824818819402962,6.955319633966959,0.3649578034470642,0.8751150061283266,0.6277274006443705,3.701271499966378,10.939294294184158,0.4167416080028096,0.5633576354599285,3.983974660217199,-0.12354731943658415
111824,DEWLI,Govindpur,366,3.9323092774861745,6.923124447602721,0.3587553706403104,1.1524957027738945,0.6371250196656867,4.009572993474164,11.093341269434605,0.7949566594159407,0.5969260101693401,4.170216821831884,0.0772637159879892
111825,GORTOPA,Govindpur,366,3.845226236549712,6.530442601052335,0.41208192537295474,0.983519597210531,0.6666200426675936,3.8045095354116096,10.734144277689323,0.5592196188998938,0.6108020408867919,4.203701676636988,-0.04071670113810244
111826,GOVINDPUR EAST,Govindpur,366,3.916620862197419,6.74349537909782,0.3885022092122541,1.0149418481480468,0.6504580162081584,3.8825014994995835,10.896050796460857,0.5857660709954294,0.5962070262487573,4.152555417363037,-0.03411936269783533
111828,JAMDIHA,Govindpur,366,3.6533534422179113,6.985800754446115,0.3300678811774429,0.9164505084451919,0.6071554137150247,3.7301039816071095,10.592686818149604,0.45792168962769414,0.5483938670816195,3.606886063703489,0.07675053938919829
111829,JANGALPUR,Govindpur,366,3.9466958049289453,6.964031530231636,0.3521567850348828,1.169140027655607,0.6332224665572292,4.025081458564562,11.13349814695056,0.8084578725778782,0.5932977571247618,4.169466616718924,0.07838565363561623
111830,JAYNAGAR,Govindpur,366,3.7635037680904104,6.92750387422581,0.35252585815029247,0.8848839512297186,0.6166206474131142,3.685899032565879,10.090491266253858,0.3627045559194081,0.5617499758768909,3.1629873920280485,-0.07760473552453151
111831,JIALGORA,Govindpur,366,3.9300900457307573,6.8518682060998986,0.37938659404926856,0.9567784338597176,0.6422863191502126,3.8647919682947327,11.067346676821998,0.5479651634415731,0.5804169461223896,4.2154784707221,-0.06529807743602456
111832,KALADABUR,Govindpur,366,4.326725229432276,7.622118817209639,0.3115270313995304,1.0257784748509615,0.5934461631657401,4.421251701597783,11.598725113674805,0.6472089761818994,0.5537343714778046,3.9766062964651656,0.0945264721655068
111833,KANCHANPUR,Govindpur,366,3.6360539454534853,6.860579201088513,0.3632018700824414,0.8591528634826636,0.6266054273430152,3.713532465344052,10.332707881463481,0.3984055791945957,0.5744734726491508,3.4721286803749676,0.07747851989056675
111834,KARMATAND,Govindpur,366,3.921728968918529,6.74502233758902,0.3882252497406651,1.0231424302895042,0.650452193068748,3.8825014994995835,10.896050796460857,0.5857660709954294,0.5962070262487573,4.151028458871837,-0.03922746941894539
111835,KHARANI,Govindpur,366,3.467853892720828,6.343388380412956,0.38824341024312514,0.9240737925610374,0.6495306625728053,3.5137124148225887,9.749855974175064,0.4098592148860296,0.5883410737811331,3.406467593762108,0.04585852210176089
111836,KUALBERA,Govindpur,366,3.674225713856181,6.7723357173409795,0.3591115002309734,0.8860183797161544,0.6235019406003999,3.6334916412070264,10.025926560336815,0.38552656179637046,0.5655735508478055,3.253590842995836,-0.04073407264915474
111837,MAHUBANI 1,Govindpur,366,3.6856044523536897,6.593294433955609,0.40336495127123984,0.8737980065604428,0.6541323641880402,3.6931229547405713,10.051165614205487,0.36634023764620427,0.6004643699847916,3.457871180249878,0.007518502386881565
111838,MAHUBANI 2,Govindpur,366,3.959876416449716,6.907387303717699,0.39734040888436484,0.9965262278570579,0.6536335358136202,4.037852633901651,10.94130214255582,0.658835275712162,0.6109002138597676,4.033914838838121,0.07797621745193517
111839,MARICHO,Govindpur,366,3.514136070539143,6.443163030521924,0.37456955170006967,0.8749080962702791,0.639255405270625,3.59453600520893,9.910733709762207,0.3703369306030168,0.5723838645710342,3.467570679240283,0.08039993466978679
111840,MATIYALA,Govindpur,366,3.782990171380296,6.722486048830198,0.3744324088422176,1.0637069443359815,0.6418687124536954,3.8357358226628997,10.257730208803059,0.5885715761651522,0.6045970507980054,3.5352441599728612,0.05274565128260367
111841,MORANGA,Govindpur,366,3.982005914522345,6.997458837220739,0.39186444258866115,0.9840748149240569,0.6486986982384931,4.073605294642862,10.996469972172624,0.6464087509344263,0.6062557892278923,3.9990111349518855,0.09159938012051683
111842,MURGABANI,Govindpur,366,4.028662060606092,7.0309109026791665,0.3507262154166694,1.0929948199148405,0.6293255294279965,4.142657597237596,11.185956898947785,0.7162126312566682,0.5881576900927118,4.155045996268618,0.11399553663150375
111843,NAGAR KIYARI,Govindpur,366,3.656518096206171,6.843706241947115,0.3634390249325714,0.8571709062463877,0.6239695324582814,3.5947412347728127,9.983320423965559,0.34031482956304193,0.57157238150608,3.1396141820184438,-0.061776861433358476
111844,PANDUKI,Govindpur,366,3.7264222287849886,6.989594960796562,0.35866852106977265,0.8908069438744327,0.6218949359724222,3.672252992255784,10.413971854122174,0.42005630848595293,0.568603696803001,3.4243768933256122,-0.05416923652920458
111845,PARASI,Govindpur,366,4.082888736988078,7.091936604292922,0.3716987295874473,1.0816666328029854,0.6379938532643954,4.091768391462313,11.140903079629418,0.6843738336024179,0.5933678652747599,4.048966475336496,0.00887965447423511
111846,PATHURIA,Govindpur,366,3.696321062411131,6.613017069533485,0.39587828715864093,0.9030491835341513,0.6500916645178129,3.7165163710343143,10.03982383503838,0.4244709461029722,0.6014868611138621,3.426806765504895,0.020195308623183195
111847,RATANPUR,Govindpur,366,3.823744535648732,6.580175676240764,0.3902308260413738,1.0263885940674056,0.6556422688628687,3.800091174308821,10.86950413955694,0.5930249566491564,0.597990983746274,4.289328463316175,-0.02365336133991125
111848,SAHRAJ,Govindpur,366,4.051101675931355,7.429100278794437,0.3155809187919224,0.9334201447478478,0.5920278327917576,4.113697525860198,10.892349787511177,0.4744988989323422,0.5499065635197558,3.46324950871674,0.06259584992884282
111849,TILAIYA,Govindpur,366,3.3844717059193985,6.166107265975734,0.3912260712473318,0.9136345326551661,0.6493115626285159,3.385173023813285,9.049226537760726,0.3349612080005447,0.579669527194527,2.8831192717849916,0.0007013178938866105
111850,TILAWANI,Govindpur,366,4.140408775921752,7.3694347650618,0.3148513374543427,1.0516306799429305,0.6019607144249037,4.290425970137024,11.504667929168818,0.6982773031166128,0.5596096971991623,4.135233164107018,0.15001719421527238
111851,UDAYPUR,Govindpur,366,3.615192005658588,6.633316180076383,0.36862999695513954,0.9001114572191257,0.6319599002102547,3.584426609484764,9.948228345565436,0.40228049392791543,0.571583651788706,3.314912165489053,-0.030765396173823678
111915,AGARKUND NORTH,Egarkund,366,3.9871732909792064,7.081829421342995,0.37954833451453074,0.8907308622677677,0.6363577559739034,4.222812779958633,10.548229708053448,0.6873055935423091,0.5938754730881464,3.466400286710453,0.23563948897942666
111917,ALAKENDRA,Kaliasol,366,3.968648531017753,6.942294283248943,0.38164574046675803,1.0457105569670313,0.6457755882380047,4.038485019229714,11.063989276829995,0.6847358026237573,0.5996958940305929,4.121694993581052,0.06983648821196153
111919,ANKHDWARA,Kaliasol,366,3.767030380434864,6.521078221765153,0.4052109587666617,1.0586066830357377,0.6685875089564629,3.9331568124035785,10.804435783661406,0.8061821401703223,0.6201277687378562,4.283357561896253,0.16612643196871435
111920,ASANLIYA,Kaliasol,366,3.8274015605302996,6.694599796934351,0.4087027075138444,0.9624402319237947,0.6641647956488546,3.966441462260301,10.881826489019453,0.713311901338957,0.6126536524906414,4.187226692085102,0.13903990173000125
111921,BAIJNA,Nirsa,366,3.986760832662323,6.986097456882071,0.3568210039416384,0.9930898293698892,0.6334578508164898,4.2320340383673525,11.278686500242706,0.7371320132107652,0.5839394675064495,4.2925890433606355,0.24527320570502953
111922,BANDA EAST,Kaliasol,366,3.8554523920104127,6.644876798659886,0.42525209446585865,0.8961762033289082,0.67403428322466,4.131888384283619,10.912624245381428,0.7347145107043468,0.6196888016985256,4.267747446721542,0.2764359922732065
111924,BARA AMBONA,Kaliasol,366,3.9251126883696226,6.878797112846529,0.39865744209762033,1.0122760120284098,0.6552263265475825,4.011667514267023,10.941000545949938,0.656865125295507,0.6108134137807302,4.062203433103409,0.08655482589740027
111925,BELKUPA,Nirsa,366,4.024915871775732,7.172088100704545,0.3355201549058625,1.0101991225915032,0.6184454313817801,4.2653507312930135,11.444539932752617,0.7894081403666345,0.569276855140802,4.272451832048072,0.24043485951728183
111926,BENAGORIA (CHI),Kaliasol,366,3.898184081884086,6.9529512665868145,0.33680313944788354,1.0295720907278536,0.6260086425767383,4.246849776350393,11.451167420955592,0.7663290037751377,0.566745275673678,4.4982161543687775,0.34866569446630713
111927,BENAGORIYA (NI),Nirsa,366,3.9607932208651206,7.304619943482417,0.28723832443606445,1.0551860262420099,0.5834663444491701,4.113561996937798,10.99634161610503,0.6699110969050298,0.5334747366495763,3.691721672622612,0.15276877607267725
111928,BHAGABANDH,Nirsa,366,3.9530383857910274,7.0472126991523565,0.32966261484787884,0.9700074872292376,0.6102810961898126,4.069360044504965,10.724525689624082,0.5607999703470947,0.5589342876137672,3.6773129904717257,0.11632165871393729
111929,BHAMAL,Nirsa,366,4.058780957704057,6.98588864594303,0.36768932565538603,0.9663166062930275,0.6381625542015982,4.258365189822803,11.268475188755684,0.7145410646727757,0.5851575698682864,4.282586542812654,0.1995842321187462
111930,BHURKUNDABARI,Kaliasol,366,4.060422075943148,6.905954337460925,0.3744394118815896,0.9390741132228315,0.6430279665953849,4.289897699578264,11.242101812382192,0.6901622175835037,0.5871788026883823,4.336147474921266,0.22947562363511587
111931,BIRSINGPUR,Nirsa,366,4.1023914545004425,7.008116873957045,0.37852673465065456,0.9164004573522679,0.6421323673407174,4.307997876865568,11.22911793532536,0.6682712233714443,0.5891216327192423,4.221001061368316,0.2056064223651255
111932,BRIDABANPUR,Egarkund,366,3.9124605727148354,6.888574336403467,0.3975073828914485,0.8378043604082203,0.6490804993533817,4.1563745925712565,10.419941676880716,0.6378416660557394,0.6040333928587358,3.5313673404772494,0.24391401985642114
111933,CHANCH,Egarkund,366,4.054783080666484,6.746479793537483,0.42445005632168364,0.9621912176105292,0.6685453216004194,4.144339349145377,10.228605182819837,0.610135853839254,0.6219974962433613,3.4821253892823547,0.08955626847889331
111934,DEWIYANA,Nirsa,366,4.004772298274514,6.901439799929803,0.3626689348860376,0.9778997258310644,0.6382374950885554,4.2243791758666465,11.292250089882211,0.7362205802103927,0.5823256912405173,4.390810289952408,0.21960687759213204
111935,DHOBARI,Kaliasol,366,4.123163924284337,7.418275849662829,0.3702948177887395,0.9094310494813763,0.6298186030331646,4.3373569387395525,11.38868178210011,0.7496932958800909,0.5809111765606303,3.97040593243728,0.21419301445521555
111936,DUMARIA,Kaliasol,366,3.9647874678784967,7.018560657316495,0.39463339158897026,0.9424067104598678,0.6512424078384311,4.186581097186941,11.135473162304278,0.7801078731625649,0.6009369709408787,4.116912504987782,0.22179362930844393
111937,DUMARKUNDA NORTH,Egarkund,366,4.037058312733205,6.708730308988414,0.4289217652286763,0.9579576676348661,0.6715865022478255,4.114904595509053,10.19560424036869,0.5983326606758731,0.6247507022675051,3.486873931380276,0.07784628277584815
111939,GHAGHRA,Nirsa,366,4.133435247058097,7.453775013114414,0.29980254001000217,1.0274837289090462,0.5937025440135067,4.398579699568296,11.658521322425084,0.822155045317628,0.5503064951823664,4.2047463093106705,0.26514445251019936
111940,GOPALPUR,Egarkund,366,3.984876147674274,7.081210724311579,0.3796567400726014,0.8868494822008133,0.6363611367934576,4.222812779958633,10.548229708053448,0.6873055935423091,0.5938754730881464,3.467018983741869,0.23793663228435902
111941,GOPINATHPUR,Egarkund,366,3.94096843931209,6.646118097701828,0.4189793535026408,0.9709746068686755,0.6676488396173358,4.111172105420956,10.234642896430882,0.6398696539824626,0.6205124511403206,3.588524798729054,0.17020366610886617
111942,HARIYAJAM,Nirsa,366,4.110990148714733,7.223433568345874,0.33331512083085924,1.0328980885503254,0.616444281648435,4.302007140907188,11.496425511485421,0.7839458266247724,0.5647536464473202,4.272991943139547,0.19101699219245472
111943,JAMDEHI,Kaliasol,366,3.9790969098666027,6.684911088499099,0.41716922314713034,0.9581411649310921,0.6657073544997387,4.138792268914453,10.269032482422064,0.6313507217123,0.6175874010748403,3.584121393922965,0.15969535904785026
111944,JAMKUDAR,Kaliasol,366,3.959167295806372,6.9460529105934805,0.38695921396724997,0.9972847708780951,0.6475107161516208,4.062683405634273,11.038215578416857,0.6544020039663826,0.6020651312916994,4.092162667823376,0.1035161098279005
111945,JOGRAT,Egarkund,366,4.040630857772231,6.742696638184223,0.4250953659999894,0.9392394672146611,0.6685642218470409,4.144339349145377,10.228605182819837,0.610135853839254,0.6219974962433613,3.485908544635614,0.10370849137314586
111946,KALIASOL,Kaliasol,366,3.978107965418979,7.0469379751795325,0.3694352659098006,0.9584039672053656,0.6381463215606417,4.261228376103499,11.246782164020262,0.837794139473111,0.5904689407492373,4.199844188840729,0.28312041068451954
111947,KALIMATI,Egarkund,366,3.9659714486350888,7.06449693936613,0.38723613007963065,0.8497782169482945,0.6402870572258081,4.216554205173931,10.499660803063787,0.6624230453373379,0.5984704532157719,3.4351638636976567,0.2505827565388419
111948,KALIPAHARI EAST,Egarkund,366,3.808261299443282,6.848365067936986,0.38923605547445794,0.8518035462552386,0.6456811110808572,4.143852956142407,10.444845209518139,0.6657047885500444,0.6009524808938328,3.5964801415811527,0.33559165669912483
111949,KALIPAHARI NORTH,Egarkund,366,3.9985238131029126,7.158543892582772,0.40591882958812775,0.7631921811206078,0.6484602305972463,4.224033985496325,10.395060403035608,0.5557835530303187,0.6100097933628085,3.2365165104528355,0.2255101723934123
111951,KHUSHARI,Nirsa,366,4.072062950844271,7.201309470837222,0.32576362454293706,1.0382090251114233,0.6136050738829061,4.312486531162876,11.459810985423715,0.7871418181774887,0.5676107052471925,4.258501514586493,0.24042358031860545
111952,LEDAHARIA,Kaliasol,366,3.968050276513389,6.837927809019854,0.4000385978428147,0.9288744073697532,0.6561959350652572,4.09060449243711,11.031807952548599,0.6402313431816767,0.5990467068084296,4.1938801435287445,0.12255421592372073
111953,MADANDIH,Nirsa,366,3.999451556027768,7.19955070790139,0.31493267687502213,0.9826065408250806,0.6015927131763825,4.278854664147605,10.962482888639855,0.7898971851670249,0.5521718374332658,3.7629321807384644,0.2794031081198374
111954,MADANPUR,Nirsa,366,3.9097204457059496,6.902296341428825,0.3962335549924225,0.8260013907057975,0.6479133838504236,4.159104125494705,10.430865892936243,0.6443057020340982,0.6031564100830501,3.5285695515074176,0.24938367978875586
111955,MARMA,Nirsa,366,4.153339154022418,7.021587956365648,0.3761352323338879,0.9980998862017308,0.6420989563793963,4.307997876865568,11.22911793532536,0.6682712233714443,0.5891216327192423,4.2075299789597125,0.1546587228431502
111956,MERHA,Egarkund,366,3.815148164171506,6.7685009882063705,0.42278966890814307,0.7877629235238746,0.6644043996732967,4.052627575629548,10.243061327819879,0.5704466981423052,0.6197875240602222,3.4745603396135083,0.23747941145804186
111957,NIRSA MIDDLE,Nirsa,366,4.138607456225549,7.017603193102423,0.3768431200742224,0.9745300062746722,0.6421099987225023,4.307997876865568,11.22911793532536,0.6682712233714443,0.5891216327192423,4.2115147422229375,0.16939042064001875
111960,PALARPUR,Nirsa,366,4.041970510055472,7.11904095551427,0.3282600544390335,1.0000391603320677,0.6163761284512669,4.3336426396858005,11.459825905682182,0.7950479675090588,0.5670520227148513,4.340784950167912,0.29167212963032885
111961,PANCHMOHALI,Egarkund,366,4.047157749567849,6.74443036515481,0.4247996813902276,0.949824748004971,0.6685556459210671,4.144339349145377,10.228605182819837,0.610135853839254,0.6219974962433613,3.4841748176650276,0.09718159957752803
111962,PANDRA EAST,Nirsa,366,4.010947156253991,6.985399604808363,0.3471515040648069,1.0090815899315786,0.6292512493034095,4.264301149808597,11.332747440075671,0.7620906933818773,0.5786621419853752,4.347347835267309,0.2533539935546063
111963,PANDRA WEST,Nirsa,366,4.111462344268607,7.010449041714152,0.3781130369054736,0.930980369178586,0.6421274344024209,4.307997876865568,11.22911793532536,0.6682712233714443,0.5891216327192423,4.218668893611209,0.1965355325969611
111965,PATHARKUAN,Kaliasol,366,4.059603772798259,7.160281753358503,0.36914545476986793,0.8988486610669,0.6344147062833247,4.3205685152144815,11.344232267354764,0.775284176759915,0.582111557282794,4.183950513996261,0.26096474241622225
111966,PATLA BARI,Kaliasol,366,4.0106207415525645,6.598623379915198,0.44078808725802265,0.9185258379481084,0.6792551834097247,4.09240020808196,10.113599009716642,0.5954998907760337,0.6316552518289984,3.5149756298014445,0.0817794665293956
111967,PINDRAHAT,Kaliasol,366,3.868868030546927,6.854125898363821,0.3794191743168347,0.9819048556622889,0.6463864751538005,4.080193733535577,11.006549774224524,0.743067280755494,0.6013987112091583,4.152423875860703,0.2113257029886495
111968,PITHAKIYARI,Nirsa,366,4.0098180157532735,7.062627373197297,0.35254809938258547,0.9874511099745105,0.6292458512008098,4.250189490387341,11.313391441641702,0.7372141484410374,0.5810742248613965,4.250764068444405,0.24037147463406772
111969,RAMKANALI,Nirsa,366,4.067916164620683,7.237955202043801,0.32551974468687916,1.0290214121956116,0.6122241477673219,4.306659796082392,11.491144657031468,0.7950514500677014,0.565044267793791,4.253189454987667,0.23874363146170907
111970,RANGAMATIYA,Nirsa,366,3.918858206826062,7.077927765229616,0.32536699685216497,0.9906999858447904,0.6075905603790287,4.069810540197729,10.716738645706188,0.6004670200488019,0.5600320082015792,3.638810880476572,0.1509523333716669
111971,SALUKACHPARA,Kaliasol,366,3.762009222742861,6.551167084421229,0.40375932515108526,1.050226191388828,0.6669121452914395,3.9348439288318646,10.80688020816732,0.8097290015420313,0.6199141408486147,4.255713123746091,0.17283470608900364
111972,SASHANBARIA,Nirsa,366,4.106341936727935,7.009128212212334,0.37834735264265096,0.9227501853304895,0.6421302776086765,4.307997876865568,11.22911793532536,0.6682712233714443,0.5891216327192423,4.219989723113026,0.20165594013763322
111973,SHYAMPUR,Nirsa,366,3.9965220617383608,6.926452262231112,0.3656822418258866,0.9968077074199047,0.6392754740969836,4.2170159106148635,11.243302827875686,0.7457855367206329,0.5872291643863607,4.316850565644574,0.2204938488765027
111974,SIJUA,Nirsa,366,3.8906741684520947,7.119943309474435,0.30961659558721966,1.0102551988436075,0.5990335218413276,4.069534974862549,10.848170609189186,0.6143413239610658,0.5465556953370742,3.728227299714751,0.1788608064104542
111976,SIWALIBARI MIDDLE,Egarkund,366,3.975206877086878,6.691009907636523,0.4202870841200016,0.9829348208925908,0.6676169426130977,4.057319633086246,10.208974229713954,0.6601582204758553,0.6233387807854115,3.5179643220774315,0.0821127559993684
111979,SONBAD,Nirsa,366,4.194062432579846,7.507088579896151,0.30251531749323035,1.0402947488514669,0.5938190171779442,4.428658155094419,11.646727251094864,0.8061570735106305,0.5521742439406321,4.139638671198713,0.23459572251457228
111980,SUSUNLIYA,Kaliasol,366,3.8927229240945502,6.79199213818069,0.41490695128282673,0.9610244586242651,0.6651401678121445,3.979517331459729,10.92937235980203,0.6955029226271527,0.6088372010112345,4.137380221621341,0.08679440736517874
111981,UPCHURIYA,Nirsa,366,4.111090741476504,7.271653282116457,0.3133232545650735,1.0333014533899127,0.6055853436266043,4.387193769072819,11.558942179731346,0.8057727227535871,0.5583782552317316,4.287288897614889,0.27610302759631455
111982,URMA,Kaliasol,366,4.108445334113664,7.285935148646716,0.3682944049296888,0.906067706527415,0.6313688524342547,4.334876860932827,11.384024960480623,0.754608137424404,0.579646189455594,4.0980898118339075,0.22643152681916234
111983,BHUIYA CHITRO,Topchanchi,366,3.3281560608873684,5.944123326323252,0.45043418892449394,0.8892462520374164,0.6827195865258066,3.156207605967652,7.975811118326686,0.20475818899619988,0.6321652829779008,2.031687792003434,-0.17194845491971655
111984,BISHANPUR,Topchanchi,366,3.3004624867407184,5.695750888643111,0.4625511424982216,0.991340980301036,0.6951871328257956,3.043209514017654,7.365965644651207,0.1550053082026232,0.6545521026649482,1.6702147560080958,-0.2572529727230646
111985,BRAHAMANDIHA,Topchanchi,366,3.451243269851888,6.203233658115614,0.43202462151744925,0.8483484958302312,0.6700684472043728,3.3436674713962815,8.873810027396033,0.23024298398812373,0.6031296126680934,2.670576369280419,-0.10757579845560628
111986,CHAITA,Topchanchi,366,3.5773394664765155,6.33339597328996,0.4245406259344128,1.089868198800246,0.6717972996448648,3.358803166131969,9.220366897631994,0.42681584666256983,0.616682160788083,2.886970924342034,-0.2185363003445464
111987,CHITARPUR,Topchanchi,366,3.2014161148448292,5.655813661355171,0.46558077398261544,0.9219312800019802,0.696225395769912,3.0378171605275273,7.819138891157189,0.28018812518524167,0.6428144823632088,2.163325229802018,-0.16359895431730198
111988,DHANGI,Topchanchi,366,3.379547846225699,6.066663487005437,0.4424853409279643,0.8747083733897104,0.6787093070337141,3.2879627478452926,8.729019991180472,0.24668674067071233,0.6156301293226187,2.662356504175035,-0.0915850983804063
111989,DUMDUMI,Topchanchi,366,3.2613235908469718,5.777613850113649,0.4573923532293539,0.9268084039737777,0.6898256771343938,3.04882035999345,7.904973358169337,0.2558187031621861,0.6359683877704289,2.1273595080556875,-0.21250323085352196
111990,GENDANAWADIH,Topchanchi,366,3.298722756763482,5.952735154863397,0.45361394137436184,0.9061114023355632,0.6849096499575097,3.085227282755499,7.9585821060715585,0.20146515639390036,0.6345712699067181,2.005846951208161,-0.21349547400798263
111991,GHUNGHASA,Topchanchi,366,3.3424091977843364,5.974508181356527,0.4529165411265186,0.8936380425119946,0.6839900846308841,3.1623563181691083,7.941811375169602,0.19075757686371095,0.6366866759860057,1.9673031938130743,-0.1800528796152281
111992,GOMO NORTH,Topchanchi,366,3.2693005925414607,5.757231235432227,0.46436302932138496,0.9161555786755883,0.6940852412625972,3.075739681322575,7.827186937234812,0.19765275768376453,0.6439515059683845,2.069955701802585,-0.19356091121888586
111994,HARIHARPUR,Topchanchi,366,3.3002825908746884,5.677111094079129,0.4638737334499501,0.9755955333190215,0.6958464785925565,3.0550450036501617,7.348010817206455,0.16238848682939513,0.656028281653723,1.6708997231273255,-0.2452375872245267
111996,KHARIYO,Topchanchi,366,3.5266285211832726,6.345386509252382,0.42467300309774647,1.0547963499442934,0.6708248732565711,3.352928953534529,9.23226749764791,0.4339538565963255,0.6157903304508491,2.8868809883955286,-0.1736995676487436
111998,KORKOTA,Topchanchi,366,3.2684430342675372,5.688770057614552,0.4659682871053893,0.9923998233443655,0.6972483996579113,2.988169395335935,7.362271410819976,0.17387109750667756,0.6552778139904644,1.673501353205424,-0.28027363893160206
111999,LEDATAND,Topchanchi,366,3.208581605247561,5.709736978000137,0.4602332199004213,0.9064649612397423,0.6920527420968038,3.0536814411645903,7.873580444151227,0.2525666441421847,0.6378338981036179,2.16384346615109,-0.1549001640829708
112000,LOKBAD,Topchanchi,366,3.3165589183592514,5.966546537229917,0.44427097571110874,0.8404274489037744,0.677769856335923,3.10634553316551,8.071587023599715,0.17610778851275533,0.6222624795386067,2.1050404863697985,-0.21021338519374133
112001,MADAIDIH,Topchanchi,366,3.2125812971357064,5.664613532511829,0.4671598488473845,0.9090646950239629,0.6967460241743739,3.044476825565089,7.816751896310255,0.2632893492701915,0.643379169375389,2.152138363798426,-0.16810447157061725
112002,MATARI,Topchanchi,366,3.4817711046369992,6.172824114489289,0.4260657628608656,1.094728696408127,0.6759449674139665,3.319857356098634,9.224689023346912,0.45030494212940053,0.6140444350669998,3.051864908857623,-0.16191374853836527
112003,NERO,Topchanchi,366,3.3149096417437005,6.120076411327987,0.4213416445486028,0.8699510947071599,0.6656971503467873,3.268432411337018,8.907738851518197,0.27859748851176797,0.5965749506202407,2.7876624401902097,-0.0464772304066825
112004,PAWAPUR,Topchanchi,366,3.276780388855386,5.824269130558069,0.4564130758448999,0.8989603374971018,0.6880142072917449,3.072209538138404,7.935836090195039,0.23879191136016822,0.6338803662228826,2.1115669596369697,-0.2045708507169821
112005,PRADHANKHANTA,Topchanchi,366,3.5289737927299134,6.2834070489807665,0.4161037212901396,1.0184286788144,0.6688668757217804,3.466734960377636,9.88406335264424,0.45211549346706525,0.5988808746283721,3.600656303663474,-0.06223883235227756
112006,RAMAKUNDA,Topchanchi,366,3.2693251752906263,5.9194964042806095,0.458149335019416,0.8918987899749974,0.6877922403711942,3.1143501867785397,7.9037064167883635,0.19844975396642991,0.6397041885461251,1.984210012507754,-0.15497498851208658
112007,SINGHDAHA,Topchanchi,366,3.449199416088386,6.202609344723943,0.4321389415030231,0.8448966903369429,0.6700774377951721,3.3436674713962815,8.873810027396033,0.23024298398812373,0.6031296126680934,2.6712006826720893,-0.10553194469210458
112008,SIRAMPUR,Topchanchi,366,3.2925437294338287,5.993585982138505,0.44727004490038635,0.8641932433064899,0.6797142499893303,3.096907774831668,8.051608735949348,0.18219368910860406,0.6255260696263788,2.0580227538108424,-0.19563595460216066
112009,TANTRI,Topchanchi,366,3.2411793118183123,5.896901165707205,0.45471241377910687,0.8547465217642539,0.685194402197872,3.0876184198917187,7.973561569862125,0.2070150188094123,0.6317306517324429,2.0766604041549197,-0.1535608919265936
112010,TOPCHANCHI,Topchanchi,366,3.226301303052103,5.73097984356586,0.4621390823328434,0.9060410362125696,0.6928134712684065,3.0345605207031854,7.871924859839974,0.2551255577868759,0.638753282874175,2.140945016274114,-0.19174078234891745
112011,BARWATAND,Tundi,366,3.7742049276584724,7.353839068571677,0.26284157637793515,0.9550722949138174,0.5632852791231856,3.91840897864076,11.125610843925093,0.5219966377209632,0.4950892882157548,3.7717717753534163,0.1442040509822875
112012,BEGNARIYA,Tundi,366,3.3228464456614435,6.276007038005847,0.40029859499913545,0.8668770921531308,0.6516854964422757,3.417987293561389,8.907546818988049,0.34928800581700625,0.6035293020507584,2.6315397809822016,0.09514084789994559
112013,CHURURIYA,Purvi Tundi,366,3.851992382442203,7.483180621680538,0.2630089046897812,0.9584878431268137,0.5530890981320673,3.8806599633349053,10.479821932990639,0.4232494086829042,0.49154675311231916,2.9966413113101007,0.028667580892702382
112014,JATAKHUTI,Tundi,366,3.5562882910001696,7.41950345298924,0.33763640111418924,0.8388751820442533,0.5948063949131925,3.629780823715632,9.585969701454152,0.24208666321329014,0.5605298900285165,2.1664662484649124,0.0734925327154623
112015,JEETPUR,Tundi,366,3.3002552673636516,6.351442245869354,0.39805113976311857,0.8759939567948657,0.6455512292458883,3.264219378272991,8.360487087399253,0.22629033647811223,0.5963585825318274,2.0090448415298994,-0.03603588909066069
112016,KADAIYA,Tundi,366,3.6642317866093475,6.856639008018722,0.32335482996762677,0.9514642279425979,0.6078402428157451,3.7490884046685626,10.621844587349608,0.5061523717581383,0.5426149733814194,3.7652055793308863,0.08485661805921518
112017,KAMARDIH,Tundi,366,3.9111393726901538,7.399477669218929,0.2428883200483536,0.9708569370148942,0.5522892670094033,4.0144288603095095,11.256775241560037,0.5341788326131239,0.47998260876905563,3.857297572341108,0.10328948761935575
112018,KATNIA,Tundi,366,3.641970689681274,7.17517112827473,0.28107901359699594,0.9360153871153469,0.5772951063916893,3.798143705346373,10.961310871784294,0.5184570443972832,0.5099700865576022,3.7861397435095636,0.1561730156650989
112019,KOLHAR,Tundi,366,3.5076941099980545,6.868948319876451,0.35059740475336465,0.9064697442029979,0.6128536821591625,3.5746787309368897,9.335043113601897,0.3147065700724433,0.5693193523409932,2.4660947937254454,0.06698462093883517
112020,LACHURAYDIH,Tundi,366,3.80775249560292,7.166042754805942,0.2728877885826291,0.9601414758328538,0.574169776064311,3.916011379489481,11.009042863750897,0.515736479929232,0.5038144358298415,3.8430001089449553,0.10825888388656102
112021,LATANI,Purvi Tundi,366,3.6165225813466746,6.67099754650242,0.3766944012973926,0.9129641438729799,0.6388577228113804,3.744294637139153,10.106958519299626,0.45084010897296933,0.5946563437591768,3.435960972797206,0.1277720557924784
112022,LUKAIA,Tundi,366,3.765025840674605,7.326539097992091,0.2873728031953833,0.9573480766310711,0.5705666379046334,3.751915225982682,10.232425988225218,0.42015053219402765,0.5160552034591781,2.905886890233127,-0.013110614691923317
112023,MACHIYARA,Tundi,366,3.4749545368599764,6.793484824858116,0.37531173371603876,0.8604166872449431,0.627950806345362,3.5333374163518885,9.1718357429768,0.3056837197879217,0.5869751407138567,2.3783509181186835,0.05838287949191212
112024,MAIRANAWATAND,Purvi Tundi,366,4.061171201082596,7.641404475981038,0.22150585938549483,1.1202627605667381,0.5412311138062714,4.182453353013733,11.624428032980871,0.6490401166867246,0.4714820520960873,3.983023556999833,0.1212821519311369
112025,MANIYADIH,Tundi,366,3.394231526581764,6.600660244625268,0.3839873818388233,0.8831975239481158,0.6366217670256661,3.464499249817534,9.104820466640257,0.3551225772223654,0.5896835583808129,2.5041602220149892,0.07026772323577024
112026,MOHLIDIH,Purvi Tundi,366,4.012485317301698,7.33446121872991,0.25787454555789413,1.078527560248697,0.5679729255783257,4.108500675890636,11.33812419118244,0.5996010859485501,0.49789575801509944,4.0036629724525294,0.0960153585889385
112027,PHATEHPUR,Tundi,366,3.418794336113433,6.955922714533617,0.3575050868044114,0.826378618883983,0.6140070403782274,3.478633203729437,9.340235823683528,0.2616989767746123,0.5724142563458839,2.384313109149911,0.05983886761600399
112028,PURNADIH,Tundi,366,3.5020939114493355,6.9535844749635665,0.34774977104816673,0.8963548477466086,0.6093816162517774,3.5930257548842017,9.347934034725547,0.31179340440400116,0.5701276449930016,2.394349559761981,0.09093184343486627
112029,RAGHUNATHPUR,Purvi Tundi,366,3.968903884810444,7.402694966838131,0.2807159672416537,1.0045620645691278,0.5755440003562243,4.097224477974652,11.176569376425148,0.5557781306739494,0.5182078977660327,3.773874409587017,0.12832059316420752
112030,RAJABHITHA,Tundi,366,3.613607647794507,6.800823187253297,0.3254196226200975,0.9513790756969538,0.6062907883317014,3.6649215883502437,10.204711874155391,0.4553112503308667,0.5447421038339642,3.4038886869020946,0.05131394055573679
112031,RAMPUR,Purvi Tundi,366,3.556606834597327,6.881461445061076,0.33525794228485184,0.8709773031240868,0.6115144419681059,3.742243960957412,10.547243237994802,0.4627970309101473,0.5515008214275688,3.6657817929337266,0.1856371263600849
112032,RATANPUR,Tundi,366,3.762944667637568,7.509132759047416,0.281936954787793,0.9468889028449748,0.5631121091490985,3.746307008230401,10.321876646342739,0.39035206989968735,0.5119971928040542,2.8127438872953228,-0.016637659407166883
112033,RUPAN,Purvi Tundi,366,3.892376178404518,7.288649465906089,0.2618795435360285,1.0407545899286503,0.5701822356951362,4.060451529091136,11.25730857581491,0.6476097432641703,0.5059760784717924,3.9686591099088213,0.16807535068661794
112034,TUNDI,Tundi,366,3.6226268144693208,6.944387628924428,0.33656843041800233,0.9047870549313795,0.6031153561816758,3.5728575701450325,9.459386721242971,0.3269957873222188,0.5569641970229016,2.5149990923185435,-0.04976924432428831
112035,UKMA,Purvi Tundi,366,4.017388270294075,7.681188222162792,0.22966022465914315,1.033926953955599,0.5344087083345038,4.088564261370381,10.977604050148926,0.49201677250677206,0.4691359347570423,3.2964158279861344,0.07117599107630657
245449,CHHOTANAGRI,Baghmara,366,3.639937324681581,6.373257541402158,0.42026049930065945,1.012793777015987,0.6689935271970846,3.5062322918919215,9.7699636471634,0.43010087722166496,0.6110437517105869,3.3967061057612424,-0.1337050327896594
245450,NAVADIH,Dhanbad,366,3.826758620255042,6.799219379510563,0.39145847516742094,0.8521626640349623,0.6448878991499568,3.668057892811122,10.748727821947268,0.39064189880737354,0.5811799913019791,3.949508442436705,-0.15870072744391983
245451,PETIA,Dhanbad,366,3.8831039513708347,6.930583503841098,0.3731333359351673,0.9359884841568608,0.6364373336985272,3.901984380437109,11.314446584555528,0.49558076932555106,0.5610610479497673,4.38386308071443,0.018880429066274296
245452,PARASBANIA,Baliapur,366,3.946194032131523,6.585538809822102,0.43722674596427535,0.9508865895023454,0.6781218726643928,3.8524469753521604,10.512569156643531,0.5239284565374769,0.6268144110574371,3.9270303468214287,-0.09374705677936257
245453,CHHATATAND,Baliapur,366,3.7275119517359183,6.308224646384035,0.4460854501275612,0.878665735798179,0.6862616937281114,3.6650078200280576,10.708763744310861,0.43808864944548875,0.6163522644151264,4.400539097926826,-0.06250413170786073
277569,PANDRABEJRA,Purvi Tundi,366,3.8709414124325794,7.1546087927589745,0.28403808349474724,1.0789429981973426,0.5871573374497637,4.086112665263784,11.014172515326383,0.6611663681943346,0.5284674179404711,3.859563722567408,0.2151712528312042
